-- phpMyAdmin SQL Dump
-- version 5.2.0
-- https://www.phpmyadmin.net/
--
-- Host: 127.0.0.1
-- Generation Time: Nov 19, 2022 at 04:21 AM
-- Server version: 10.4.25-MariaDB
-- PHP Version: 8.1.10

SET SQL_MODE = "NO_AUTO_VALUE_ON_ZERO";
START TRANSACTION;
SET time_zone = "+00:00";


/*!40101 SET @OLD_CHARACTER_SET_CLIENT=@@CHARACTER_SET_CLIENT */;
/*!40101 SET @OLD_CHARACTER_SET_RESULTS=@@CHARACTER_SET_RESULTS */;
/*!40101 SET @OLD_COLLATION_CONNECTION=@@COLLATION_CONNECTION */;
/*!40101 SET NAMES utf8mb4 */;

--
-- Database: `little_buddies_gallery`
--

-- --------------------------------------------------------

--
-- Table structure for table `comments`
--

CREATE TABLE `comments` (
  `comment_id` int(11) NOT NULL,
  `user_id` int(11) NOT NULL,
  `pet_id` int(11) NOT NULL,
  `comment` text NOT NULL,
  `date` date NOT NULL
) ENGINE=InnoDB DEFAULT CHARSET=utf8mb4;

--
-- Dumping data for table `comments`
--

INSERT INTO `comments` (`comment_id`, `user_id`, `pet_id`, `comment`, `date`) VALUES
(1, 3, 4, 'ที่บ้านเลี้ยงอยู่น่ารักมากครับ', '2022-10-01'),
(2, 4, 4, 'ขนปุยยยยยยยยยยยยยยยยยยยยยยยยยยยยยยยยยยยยยยยยยยยยยยยยยยยยยยย', '2022-10-03'),
(3, 5, 4, 'น่ารักอ้อนเก่งมากครับ น้องที่บ้านผมชอบมานอนบนตักมากครับ', '2022-10-04'),
(4, 1, 4, 'เมี้ยวๆ', '2022-10-09'),
(5, 2, 4, 'ขนนุ่มมากครับ', '2022-10-09'),
(6, 2, 7, 'ฉลาดมากครับ รับพัสดุแทนผมตลอด', '2022-10-10'),
(7, 3, 7, 'วิ่งเก่งมากครับ', '2022-10-12'),
(8, 5, 7, 'ที่บ้านผมพาน้องไปวิ่งที่สวนทุกวันเลยครับ', '2022-11-12'),
(9, 4, 7, 'น่าร้ากกกกกกกกกกกกกก', '2022-10-14'),
(10, 4, 3, 'งุ้ยยยยยยย', '2022-10-15'),
(11, 5, 3, '555555555555555555555555555555555555555555', '2022-10-16'),
(12, 3, 3, 'น้องหูพับๆ', '2022-10-17'),
(13, 3, 5, 'เท่มากครับ', '2022-10-20'),
(14, 4, 5, 'น้องที่บ้านชอบแต่งตัวมาก ตัดชุดให้น้องใส่หลายชุดเลยค่า', '2022-10-21'),
(15, 5, 10, 'บ้านพังหมดครับ น้องซนมากเลย แทะทุกอย่าง55555', '2022-10-23'),
(16, 4, 4, 'ตาแป๋วเชียวววว งุ้ย', '2022-11-19');

-- --------------------------------------------------------

--
-- Table structure for table `pets`
--

CREATE TABLE `pets` (
  `pet_id` int(11) NOT NULL,
  `categories` enum('DOG','CAT') NOT NULL,
  `breed` text NOT NULL,
  `description` text NOT NULL,
  `background` text NOT NULL,
  `property` text NOT NULL,
  `image` text NOT NULL
) ENGINE=InnoDB DEFAULT CHARSET=utf8mb4;

--
-- Dumping data for table `pets`
--

INSERT INTO `pets` (`pet_id`, `categories`, `breed`, `description`, `background`, `property`, `image`) VALUES
(1, 'CAT', 'เปอร์เซีย (Persian)', 'แมวเปอร์เซียจัดเป็นหนึ่งในสิบสายพันธุ์แมวที่ได้รับความนิยมมากที่สุดของโลก เพราะขนที่สวย และความฉลาดแสนรู้ของแมวเปอร์เซีย ลักษณะเด่นของแมวเปอร์เซียอยู่ที่ตาที่โต กะโหลกกลม หน้าแบน แก้มแน่น และใบหูขนาดเล็กที่มีปลายมน ขนาดหัวที่ใหญ่ของแมวเปอร์เซียช่วยพยุงคอที่สั้น เปอร์เซียจะมีหลายสีมาก ๆ ทั้งสีล้วน สีผสม แบ่งตามสายพันธุ์ย่อย โดยสีที่ได้รับความนิยมที่สุดคือสี ครีม เทา ขาว แดง น้ำเงิน และช็อกโกแลต', 'แมวเปอร์เซีย มีถิ่นกำเนิดมาจากแถบเปอร์เซีย ซึ่งอยู่ภายในประเทศตุรกีและอิหร่านในปัจจุบัน ซึ่งสอดคล้องกับชื่อของสายพันธุ์นี้ที่มักจะเรียกกันว่า แมว Iranian (หรืออีกชื่อนึงก็คือแมว Shirazi) โดยมีบันทึกว่าบรรพบุรุษของแมวสายพันธุ์นี้ ถูกนำเข้าจากอิหร่านมาถึงยังประเทศอิตาลี ในช่วงปี ค.ศ. 1620 และได้รับความนิยมจากผู้เลี้ยงแมวในแถบยุโรปเป็นอย่างมาก จึงได้มีการนำไปขยายพันธุ์ในสหรัฐฯ ในช่วงต้นปี ค.ศ. 1900 และได้รับการตั้งชื่อว่า Persian Cat ตามถิ่นกำเนิดของแมวสายพันธุ์นี้นั่นเอง', 'แมวเปอร์เซียจะค่อนข้างเงียบและไม่ซุกซน มีความเป็นมิตรกับสมาชิกในครอบครัวรวมทั้งเด็ก แต่จะไม่ชอบถ้าเด็กหรือสัตว์เลี้ยงตัวอื่นมากวน หรือมายุ่งวุ่นวาย แมวเปอร์เซียค่อนข้างที่จะรักสงบ ชอบที่จะมีชีวิตเรียบง่าย', 'images/cats/cat-persian.jpg'),
(2, 'CAT', 'วิเชียรมาศ (Siamese Cat)', 'แมวพันธุ์วิเชียรมาศ หรือ แมวสยาม มีเอกลักษณ์จากลวดลายและสีขนบนตัวอันสวยงาม มีลักษณะนิสัยที่เป็นมิตร อีกทั้งยังช่วยเสริมโชคลาภ และเป็นสิริมงคลแก่ครอบครัวตามความเชื่อของคนไทยในสมัยโบราณอีกด้วย แมวสยามเป็นพันธุ์ขนสั้น ซึ่งหมายความว่าพวกเค้าดูแลได้ง่ายกว่าแมวเมนคูนหรือแมวเปอร์เซียที่มีขนยาว แมวสยามได้รับการบักทึกไว้ว่าเป็นหนึ่งในสายพันธุ์เก่าแก่ที่สุดในโลก', 'แมวพันธุ์วิเชียรมาศนั้นนับว่าอยู่คู่กับสังคมไทยมาตั้งแต่สมัยอยุธยา ในสมัยนั้นแมววิเชียรมาศนับว่าเป็นแมวชั้นสูงที่ถูกเลี้ยงไว้เฉพาะภายในบริเวณพระบรมมหาราชวัง เพราะเชื่อว่าเป็นแมวมงคล ช่วยเสริมโชคลาภให้แก่ผู้เลี้ยงดู \r\nคำว่าวิเชียรมาศ มีความหมายว่า เพชรแห่งดวงจันทร์ มีชื่อเสียงโด่งดังไปทั่วโลกจากการที่ในสมัย พ.ศ. 2427 พระบาทสมเด็จพระจุลจอมเกล้าเจ้าอยู่หัว ได้ทรงพระราชทานลูกแมววิเชียรมาศให้เป็นของขวัญแด่ทูตชาวอังกฤษ ต่อมาได้ส่งเข้าประกวดในเวที The Crystal Palace London โดยในการประกวดครั้งนั้น แมววิเชียรมาศได้รับชัยชนะ ส่งผลให้แมววิเชียรมาศเริ่มมีชื่อเสียง และรู้จักกันในชื่อ\r\n', 'ตามธรรมชาติแล้ว แมวพันธุ์วิเชียรมาศเป็นแมวที่ล่าสัตว์กินเองเป็นอาหาร แมววิเชียรมาศจึงมีความปราดเปรียวสูง คล่องแคล่ว ว่องไว และมีสัญชาตญาณการเป็นนักล่าที่ดี มีความขี้ระแวง ในขณะเดียวกันก็รักสงบ และรักเจ้าของ แมวพันธุ์วิเชียรมาศได้รับฉายาว่าแมวช่างพูด เนื่องด้วยลักษณะนิสัยช่างพูดคุย ชอบส่งเสียงร้อง ทั้งเพื่อพูดคุยกับเจ้าของ และบ่งบอกความต้องการของตัวเอง', 'images/cats/cat-siamese-cat.png'),
(3, 'CAT', 'สก๊อตทิช โฟลด์ (Scottish Fold)', 'แมวพันธุ์สก๊อตทิช โฟลด์ มีหูพับอันเป็นเอกลักษณ์ที่ไม่เหมือนใคร หน้ากลมแป้น ขนนุ่ม โดยทั่วไปแมวสก๊อตติชโฟล์ดที่เราเห็นกันจะเป็นแบบขนสั้น แต่จริง ๆ แล้วก็มีแมวสก๊อตติชโฟลด์แบบขนยาวด้วย เป็นทางเลือกสำหรับคนที่อยากเลี้ยงแมวขนยาวและหูพับด้วย', 'แมวพันธุ์สก๊อตทิช โฟลด์ ถือกำเนิดขึ้นในประเทศสก็อตแลนด์ เดิมทีมีการเรียกชื่อสายพันธุ์นี้ว่า Lop หรือ Lop-ears หลังจากนั้นในปี 1966 ก็ได้มีการเปลี่ยนชื่อของสายพันธุ์มาเป็น “สก๊อตติชโฟลด์” ตามถิ่นกำเนิดและลักษณะเด่นของใบหูนั่นเอง มีความเชื่อผิดๆ กันว่าลักษณะหูพับนี้อาจทำให้แมวพันธุ์สก๊อตทิช โฟลด์ มีปัญหาเกี่ยวกับรูหูตามมา แต่ในภายหลังก็ได้มีการศึกษาและได้ข้อสรุปว่า การที่แมวมีหูพับนั้นไม่ได้มีผลต่อสุขภาพหูของแมวพันธุ์นี้แต่อย่างใด', 'แมวสก๊อตติชโฟลด์มีนิสัยขี้เล่น แต่ไม่ซนจนเกินไป ไม่ปีนป่ายหรือกัดทำลายข้าวของ และจัดว่าเป็นแมวที่ชอบอยู่กับคนมาก ๆ ชอบนอนหงายหลังซึ่งต่างจากแมวพันธุ์อื่น ๆอีกด้วย ค่อนข้างอ่อนโยน ใจดี ชอบอยู่กับเจ้าของ สามารถเลี้ยงกับเด็กเล็กและสัตว์อื่นได้ดี มีนิสัยไม่ขี้อาย อยากรู้อยากเห็น', 'images/cats/cat-scottish-fold.jpg'),
(4, 'CAT', 'บริติช ช็อตแฮร์ (British Shorthair)', 'บริติช ช็อตแฮร์  เป็นหนึ่งในสายพันธุ์แมวที่เก่าแก่ที่สุดของประเทศอังกฤษ ด้วยลักษณะเด่นที่มีขนหนานุ่ม มีร่างกายกำยำล่ำสันแต่มีใบหน้ากลมโต มักจะได้รับความนิยมด้วยหัวที่กลมโต ขาสั้น ๆ ขนไม่ยาว', 'แมวบริติช ช็อตแฮร์ว่ากันว่าเป็นหนึ่งในสายพันธุ์ที่เก่าแก่ที่สุดของยุโรป  ในช่วงศตวรรษที่หนึ่งก่อนคริสต์ศักราช ชาวโรมันใช้แมวพันธุ์นี้กำจัดหนูและงูบริเวณค่ายพัก เวลาต่อมาเจ้าเหมียวบริติชชอร์ตแฮร์ก็มีพัฒนาการด้านร่างกายเปลี่ยนแปลงไป พวกเค้ามีรูปร่างใหญ่ บึกบึนแข็งแรง และมีขนหนาทนต่อสภาพอากาศต่าง ๆ ได้ดี', 'แมวบริติช ช็อตแฮร์ นั้นน่ารัก เรียบร้อย และเข้ากับคนอื่นง่าย ค่อนข้างสงบเสงี่ยม ไม่ค่อยส่งเสียงดัง เป็นมิตรกับเด็ฏ รักสงบ ซื่อสัตย์ แสดงความรักแบบเงียบ ๆ  ขี้อ้อน ไม่ค่อยส่งเสียงดังหรือร้องเรียกในสิ่งใดใดที่ต้องการ เหมาะกับเจ้าของที่ชอบความเป็นส่วนตัว และมีเวลาในการเลี้ยงดูไม่มากนัก', 'images/cats/cat-british-shorthair.jpg'),
(5, 'CAT', 'สฟิงซ์ (Sphynx)', 'จุดเด่นของแมวสฟิงซ์คือเป็นแมว “ไร้ขน” แม้ดูภายนอกจะเหมือนแมวไร้ขน แต่อันที่จริงแล้วสฟิงซ์มีขนนุ่มละเอียดปกคลุมทั่วรางกาย แมวพันธุ์นี้ไม่มีหนวดและขนตา รูปร่างขนาดกลางแต่ก็มีตัวค่อนข้างหนักอย่างน่าประหลาดใจ เป็นแมวสายพันธุ์เดียวที่มีต่อมเหงื่อ มันจึงไม่หอบเหมือนกับแมวหรือสุนัขตัวอื่นๆ', 'แมวสฟิงซ์ถูกตั้งชื่อตามลักษณะของแมวสฟิงซ์แห่งยุคอียิปต์โบราณ แต่จริง ๆ แล้วแมวสฟิงซ์มีต้นกำเนิดมาจากเมืองโทรอนโต ประเทศแคนนาดา ว่ากันว่าชาวแอซเท็คก็เลี้ยงแมวไร้ขนด้วยเช่นกัน', 'แมวสฟิงซ์เข้าสังคมเก่ง ซุกซน เป็นมิตร และชอบให้คนสนใจ มีความขี้เล่น กระตือรือร้น และอยากรู้อยากเห็น ไม่ควรทิ้งสฟิงซ์ไว้ในที่หนาวเย็นเพราะเป็นสายพันธุ์ที่ไม่ทนอากาศหนาวจัด นอกจากนี้ยังไม่ชอบนั่งบนพื้นเย็น ๆ มีความแตกต่างกับสายพันธุ์อื่นตรงที่แมวสฟิงซ์ชอบอยู่กับฝูงหรือแมวตัวอื่น', 'images/cats/cat-sphynx.jpg'),
(6, 'DOG', 'ปั๊ก (Pug)', 'ปั๊กมีจุดเด่นคือตัวเล็ก ลำตัวย่น จมูกสั้น และหางขด ปั๊กถือว่าเป็นสุนัขตระกูลทอยหรือสุนัขสายพันธุ์เล็ก เมื่อโตเต็มวัย ขณะยืนจะสูงประมาณ 25 - 33 ซม. รูปร่างจะดูเหลี่ยม ล่ำ มีกล้ามเนื้อ และหนักอย่างไม่น่าเชื่อ ขนสั้น นุ่มและเป็นมัน มีสีเทาเงิน น้ำตาลส้มแอปริคอต น้ำตาลทอง หรือสีดำ', 'คาดว่าปั๊กมีต้นกำเนิดที่ประเทศจีนโดยอาจมีการผสมพันธุ์สุนัขตระกูลแมสทิฟซึ่งเป็นสุนัขท้องถิ่น และเข้าสู่ทวีปยุโรปไปกับเรือวาณิช คำว่า \"ปั๊ก\" อาจมาจากภาษาลาติน \"pugnus\" ซึ่งแปลว่ากำปั้น ซึ่งอาจมาจากใบหน้าและหัวที่กลม', 'ปั๊กมีความร่าเริง อารมณ์ดี เป็นมิตรกับเจ้าของ ใจเย็น รักความสงบ แต่ก็มีจังหวะขี้เล่น มีความแข็งแรง ใจดี และไม่ค่อยพบว่าพวกมันมีนิสัยดุร้าย เหมาะกับครอบครัวที่มีเด็กอยู่ พวกมันสามารถเป็นสุนัขเฝ้าบ้านที่ดี พวกมันตื่นตัวอยู่ตลอดเวลาและบางครั้งก็มีความสุข', 'images/dogs/dog-pug.jpg'),
(7, 'DOG', 'ชิบะอินุ (Shiba Inu)', 'ในภาษาญี่ปุ่น “ชิบะ” หมายถึง พุ่มไม้ และ “อินุ” หมายถึง สุนัข ชิบะอุนะ เป็นสุนัขสายพันธุ์ที่แข็งแรง ขนาดตัวใหญ่ปานกลาง อยู่ในสายพันธุ์สปิตซ์ (เป็นสายพันธุ์ที่มีหูตั้ง ขนหนา และหางม้วนงอ) รูปร่างกะทัดรัด มีกล้ามเนื้อที่ได้รับการพัฒนามาอย่างดี มีขนชั้นนอกที่แข็ง เป็นเส้นตรง มีสีแดง แดงปนน้ำตาล ดำ-น้ำตาล หรือขาว ปกคลุมขนชั้นในที่หนานุ่มอีกที', 'ชิบะอินุเป็นสุนัขพันธุ์ที่ถูกผสมมาเพื่อใช้ล่าและต้อนสัตว์ขนาดเล็กในพื้นที่ภูเขาของญี่ปุ่น เคยเกือบจะสูญพันธุ์ไปในช่วงสงครามโลกครั้งที่ 2 แต่ก็มีจำนวนหนึ่งที่รอดจากการทิ้งระเบิดและการระบาดของโรคหัดสุนัขได้ และถูกนำมาแพร่พันธุ์เพื่อรักษาสายพันธุ์เอาไว้', 'ชิบะอินุ เป็นสายพันธุ์ที่ตื่นตัว คล่องแคล่วว่องไว ฉลาด รักอิสระ และเป็นมิตร ต้องใช้ความพยายามในการฝึก ชิบะควรอยู่ในสายจูงเสมอ เว้นแต่ว่าจะอยู่ในบริเวณที่ปลอดภัยเพราะชิบะชอบที่จะวิ่งไล่สัตว์ที่ตัวเล็กกว่า มีเสียงที่แหลมสูงเปล่งออกมาเมื่อรู้สึกตื่นเต้นหรือกระวนกระวาย ชิบะเป็นสายพันธุ์ที่รักความสะอาดและมักจะทำให้ตัวเองอยู่ในสภาพที่สะอาดอยู่เสมอ จึงมักจะเลียอุ้งเท้าและขาเหมือนกับแมว', 'images/dogs/dog-shiba-inu.jpg'),
(8, 'DOG', 'ชิวาวา (Chihuahua)', 'ชิวาวาเป็นหนึ่งในสายพันธุ์ที่มีขนาดเล็กที่สุดในโลก ขนาดตัวเล็กกะทัดรัด โดยทั่วไปแล้วชิวาวาจะมีความสูงอยู่ระหว่าง 6-10 นิ้ว ถูกจำแนกออกเป็น 2 สายพันธุ์ตามความแตกต่าง คือ พันธุ์ขนสั้นและขนยาว โดดเด่นที่ลักษณะของหัวที่กลมคล้ายกับลูกแอปเปิ้ล ตากลมโต และใบหูมีขนาดใหญ่ตั้งตรง', 'มีข้อโต้แย้งที่แตกต่างกันออกไปเกี่ยวกับต้นกำเนิดของชิวาวา หลายคนเชื่อว่า ประเทศเม็กซิโก ในยุคที่ชนเผ่ามายาและชนเผ่า Toltec ถือครองดินแดน เป็นต้นกำเนิดเริ่มแรกของ สุนัขพันธุ์ ชิวาวา', 'ชิวาวารักและชอบใกล้ชิดกับผู้คน มีความกระตือรือร้น ฉลาดและเรียนรู้ได้เร็ว ชิวาวาเข้ากับเด็ก ๆ ได้ดี ถึงแม้ว่าพวกมันจะมีขนาดตัวที่เล็กแต่พวกมันมีนิสัยที่ตื่นตัว ไม่ไว้ใจคนแปลกหน้า จึงทำให้สามารถเป็นสุนัขเฝ้าบ้านที่ยอดเยี่ยมได้', 'images/dogs/dog-chihuahua.jpg'),
(9, 'DOG', 'โกลเด้น รีทรีฟเวอร์ (Golden Retriever)', 'โกลเด้น รีทรีฟเวอร์ นั้นแบ่งได้ 3 ประเภท ได้แก่  สายพันธุ์อังกฤษ (British type) สายพันธุ์อเมริกัน (American type) และ สายพันธุ์แคนาดา (Canadian type) โดยจะแตกต่างกันตามลักษณะภายนอก ทั่วไปแล้วโกลเด้น รีทรีฟเวอร์จะมีนาดตัวที่พอเหมาะ สายตาที่อ่อนโยน ได้รับการจัดอันดับเป็นสายพันธุ์สุนัขที่ได้รับความนิยมเลี้ยงเป็นลำดับที่ 4 ของสหรัฐอเมริกา', 'โกลเด้น รีทรีฟเวอร์ถูกพัฒนาขึ้นเพื่อเป็นสุนัขในการล่านก โดยเฉพาะอย่างยิ่งสำหรบการล่าสัตว์ปีกในน้ำ ซึ่งมีต้นกำเนิดการผสมพันธุ์ของสุนัขหลายสายพันธุ์ได้แก่ สแปเนียล (Spainel) เซทเตอร์ (Setter) และนิวฟาวด์แลนด์ (Newfoundland) มีต้นกำเนิดจากประเทศอังกฤษ', 'โกลเด้น รีทริฟเวอร์ นั้นมีนิสัยที่เป็นมิตรและนิสัยดีเป็นอันดับต้นๆ ในบรรดาสุนัขทั้งหมด มีพลังงานสูง มีนิสัยชอบคาบ รวมถึงกัดแทะสิ่งของต่าง ๆ มีอารมณ์เย็น ฉลาด และมีเสน่ห์ และขี้เล่น เข้ากันได้ดีกับสัตว์ตัวอื่น และคนแปลกหน้า เห่าไม่มาก และไม่มีสัญชาตญาณในการเฝ้าระวัง', 'images/dogs/dog-golden-retriever.jpg'),
(10, 'DOG', 'ไซบีเรียน ฮัสกี (Siberian Husky)', 'ไซบีเรียน ฮัสกี เป็นหนึ่งในสายพันธุ์สุนัขที่มีความสง่างาม ด้วยรูปลักษณ์ภายนอกและบุคลิกที่ดูนิ่ง แต่ก็กระฉับกระเฉง และมีพลังที่ล้นเหลือ เป็นสุนัขสายพันธุ์ขนาดกลาง มีขนฟูหนา หางเรียวคล้ายรูปเคียว ใบหูตั้งเด่นเป็นรูปสามเหลี่ยม ถูกใช้งานเป็นสุนัขลากเลื่อนในช่วงปีค.ศ. 1899-1909 และเริ่มเปลี่ยนมาเป็นสุนัขเลี้ยงตามบ้านในภายหลัง', 'ไซบีเรียน ฮัสกี ถือเป็นหนึ่งในสายพันธุ์สุนัขที่เก่าแก่ของโลกซึ่งถูกเลี้ยงดูและเพาะพันธุ์โดยชาวชุกชี (Chukchi) ทางตอนเหนือของเอเชียเมื่อ 3000 ปีที่แล้ว พัฒนาสายพันธุ์มาจากสุนัขวงศ์สปิตซ์ (Spitz)', 'สุนัขพันธุ์ไซบีเรียน ฮัสกี้ มีพลังเยอะ ตามสัญชาติญาณของนักล่า มีความฉลาด บางครั้งอาจจะเป็นตัวของตัวเองและดื้อดึง มักชอบหอนมากกว่าเห่า เบื่อง่าย ต้องอาศัยความสม่ำเสมอและวินัยในการฝึก สุนัขสายพันธุ์นี้ถูกพัฒนาขึ้นมาเพื่อการวิ่ง', 'images/dogs/dog-siberian-husky.jpg');

-- --------------------------------------------------------

--
-- Table structure for table `users`
--

CREATE TABLE `users` (
  `user_id` int(11) NOT NULL,
  `email` varchar(50) NOT NULL,
  `username` varchar(50) NOT NULL,
  `password` varchar(50) NOT NULL,
  `role` enum('ADMIN','USER') NOT NULL
) ENGINE=InnoDB DEFAULT CHARSET=utf8mb4;

--
-- Dumping data for table `users`
--

INSERT INTO `users` (`user_id`, `email`, `username`, `password`, `role`) VALUES
(1, 'admin@hotmail.com', 'admin', '21232f297a57a5a743894a0e4a801fc3', 'ADMIN'),
(2, 'user@hotmail.com', 'user', 'ee11cbb19052e40b07aac0ca060c23ee', 'USER'),
(3, 'helloskykrub@hotmail.com', 'helloskykrub', '900bc885d7553375aec470198a9514f3', 'USER'),
(4, 'beamza555@hotmail.com', 'beamza555', '5435eeb714f3a0739ca75b3b0eb8cfb3', 'USER'),
(5, 'lnwtopDarkMatter@hotmail.com', 'lnwtopDarkMatter', 'b28354b543375bfa94dabaeda722927f', 'USER');

--
-- Indexes for dumped tables
--

--
-- Indexes for table `comments`
--
ALTER TABLE `comments`
  ADD PRIMARY KEY (`comment_id`);

--
-- Indexes for table `pets`
--
ALTER TABLE `pets`
  ADD PRIMARY KEY (`pet_id`);

--
-- Indexes for table `users`
--
ALTER TABLE `users`
  ADD PRIMARY KEY (`user_id`);

--
-- AUTO_INCREMENT for dumped tables
--

--
-- AUTO_INCREMENT for table `comments`
--
ALTER TABLE `comments`
  MODIFY `comment_id` int(11) NOT NULL AUTO_INCREMENT, AUTO_INCREMENT=17;

--
-- AUTO_INCREMENT for table `pets`
--
ALTER TABLE `pets`
  MODIFY `pet_id` int(11) NOT NULL AUTO_INCREMENT, AUTO_INCREMENT=11;

--
-- AUTO_INCREMENT for table `users`
--
ALTER TABLE `users`
  MODIFY `user_id` int(11) NOT NULL AUTO_INCREMENT, AUTO_INCREMENT=6;
COMMIT;

/*!40101 SET CHARACTER_SET_CLIENT=@OLD_CHARACTER_SET_CLIENT */;
/*!40101 SET CHARACTER_SET_RESULTS=@OLD_CHARACTER_SET_RESULTS */;
/*!40101 SET COLLATION_CONNECTION=@OLD_COLLATION_CONNECTION */;
